FORM NUM,LABEL,JAPANESE,ENGLISH (HUMAN),ENGLISH (MACHINE),GERMAN,ROMANIAN
Form1,Form1,ãƒ“ã‚¸ãƒ¥ã‚¢ãƒ«ã‚¦ã‚¤ãƒ³ãƒ‰ã‚¦,Game window,,Spielfenster,Fereastr? joc
Form2,Command2,é–‰ã˜ã‚‹,Close,,SchlieÃŸen,Închide
Form2,Command1,é–‰ã˜ã‚‹,Close,,SchlieÃŸen,Închide
Form2,Label3,ãƒãƒ¼ã‚¸ãƒ§ãƒ³æƒ…å ±,About,,Ãœber,Despre
Form3,Form3,æ–°ã—ã„ã‚²ãƒ¼ãƒ ,New Game,,Neues Spiel,Joc Nou
Form3,Command2,æ±ºå®š,Select,,AuswÃ¤hlen,Selecteaz?
Form3,Command1,ã‚„ã‚ã‚‹,Cancel,,Abbrechen,Anuleaz?
Form3,Label3,æ–°ã—ã„ã‚²ãƒ¼ãƒ ã‚’å§‹ã‚ã¾,Start New Game,,Neues Spiel starten,Începe Joc Nou
Form3,Label2,æœ¬å±‹ã®åå‰,Bookstore name,,Buchhandlungsname,Nume libr?rie
Form4,Form4,æœ¬å±‹æƒ…å ±,Bookstore info,,Buchhandlung-Info,Info libr?rie
Form4,Label1,å®¢ã®æ¥ãŸæ•°,Number of Customers,,Anzahl der Kunden,Num?r de Clien?i
Form4,Label2,0äºº,0 People,,0 Menschen,0 Persoane
Form4,Label1,ã‚ˆã”ã‚Œ,Filth,,Schmutz,Murd?rie
Form4,Label1,è€éœ‡åº¦,Seismic Resistance ,,seismischer Widerstand,Rezisten?? Seismic?
Form4,Label1,è³‡é‡‘,Money,,Geld,Bani
Form4,Label1,å£²ã£ãŸæœ¬ã®æ•°,Number of Books Sold,,Anzahl der verk. BÃ¼cher,Num?rul de C?r?i Vândute
Form4,Label2,0å†Š,0 Books,,0 BÃ¼cher,0 C?r?i
Form4,Label2,0å†Š,0 Books,,0 BÃ¼cher,0 C?r?i
Form4,Label1,æœ€å¤§æ›¸ç±æ•°,Maximum Book Count,,max. BÃ¼cheranzahl,Num?rul Maxim de C?r?i
Form4,Label1,ç¾åœ¨æ›¸ç±æ•°,Current Book Count,,Momentane BÃ¼cheranzahl,Num?r Curent de C?r?i
Form4,Label2,0å†Š,0 Books,,0 BÃ¼cher,0 C?r?i
Form4,Label1,å¹´,Year,,Jahr,An
Form4,Label1,æœˆ,Month,,Monat,Lun?
Form4,Label1,æ—¥,Day,,Tag,Zi
Form4,Label2,æ—¥æ›œæ—¥,Sunday,,Sonntag,Duminic?
Form4,Label1,æ™‚,Hour,,Stunde,Or?
Form4,Label1,æ˜Ÿã®æ•°,Number of Stars,,Anzahl der Sterne,Num?r de Stele
Form4,Label1,æœ¬å±‹ã®åå‰,Bookstore Name,,Buchhandlungsname,Nume Libr?rie
Form5,Form5,å‚™å“è¨­ç½®,Fixtures,,MÃ¶bel,Mobil?
Form5,Command2,ã‚­ãƒ£ãƒ³ã‚»ãƒ«,Cancel,,Abbrechen,Anuleaz?
Form5,Command1,è¨­ç½®,Installation,,Einbau,Instalare
Form5,Label1,åéŒ²æ›¸ç±,Recording books,,AudiobÃ¼cher,Înregistare c?r?i
Form5,Label2,ä¾¡æ ¼,Price,,Preis,Pre?
Form5,Label3,å‚™å“è¨­ç½®,Equipment Installation,,Equipment-Einbau,Instalare Echipament
Form5,Label,10000000å††,Yen,,Yen,Yen
Form6,Form6,å…¥è·é›‘èªŒé¸æŠ,Magazine Selection in Stock,,Magazinauswahl auf Lager,Selec?ie de Reviste în Stoc
Form6,Command3,é›‘èªŒTOP10,Top 10 Magazines,,Top 10 Magazine,Top 10 Reviste
Form6,Frame1,ã™ã¹ã¦å£²ã‚ŒãŸã¨ã,When all items are sold,,Wenn alle Items verkauft sind,Când toate produsele sunt vândute
Form6,Label5,åˆ©ç›Š,Profit,,Profit,Profit
Form6,Label6,0å††,Yen,,Yen,Yen
Form6,Label5,å£²ã‚Šå€¤,Selling Price,,Verkaufspreis,Pre? de Vânzare
Form6,Label5,ä»•å…¥å€¤,Purchase Price,,Kaufpreis,Pre? de Cump?rare
Form6,Command2,ã‚­ãƒ£ãƒ³ã‚»ãƒ«,Cancel,,Abbrechen,Anuleaz?
Form6,Label5,ã™ã¹ã¦ã®é›‘èªŒã®å…¥è·æ•°ã‚’å¤‰æ›´,"Change quantity of all recently-arrived 
magazines",,Ã„ndere die Menge aller kÃ¼rzlich bestellten Magazine,Schimb? cantitatea la toate revistele ajunse recent
Form6,Label5,åœ¨åº«æ•°,Available Inventory,,VerfÃ¼gbarer Inventarplatz,Inventar Disponibil
Form6,Label5,è³‡é‡‘,Funding,,Finanzierung,Finan?are
Form6,Label5,ç™ºè¡Œéƒ¨æ•°,Number of Printed Copies,,Anzahl der gedruckten Kopien,Num?r de Copii Printate
Form6,Label5,å…¥è·æ•°,Arrival count,,Ankunftszahl,Num?rul de sosiri
Form6,Label5,ãƒ¡ãƒ¢,Memo,,Memo,Memo
Form6,Label5,ç™ºå£²æ—¥,Release Date,,Erscheinungsdatum,Data lans?rii
Form6,Label5,é›‘èªŒå,Book Title,,Buchtitel,Titlul C?r?ii
Form6,Label10,0ä¸‡,0k,,0k,0k
Form6,Label10,10ä¸‡,100k,,100k,100k
Form6,Label10,0éƒ¨,0 Copies,,Keine Kopien,0 Copii
Form6,Label10,20ä¸‡,200k,,200k,200k
Form6,Label6,0å†Š,0 Books,,0 BÃ¼cher,0 C?r?i
Form6,Label2,ãƒ¡ãƒ¢,Memo,,Memo,Memo
Form6,Label2,ç™ºå£²æ—¥,Release Date,,Erscheinungsdatum,Data lans?rii
Form6,Label10,ä»•å…¥å€¤,Purchase Price,,Kaufpreis,Pre? de Cump?rare
Form6,Label12,å£²ã‚Šå€¤,Selling Price,,Verkaufspreis,Pre? de Vânzare
Form6,Label12,å…¥è·æ•°,Number of Arrivals,,Anzahl der AnkÃ¼nfte,Num?rul de sosiri
Form6,Label12,é›‘èªŒå,Magazine Name,,Magazin-Name,Numele Revistei
Form7,Form7,åº—å“¡é›‡ç”¨,Employee Info,,Mitarbeiter-Info,Info Angaja?i
Form7,Command2,é›‡ç”¨,Hire,,Einstellen,Angajeaz?
Form7,Command1 ,é–‰ã˜ã‚‹,Close,,SchlieÃŸen,Închide
Form7,Label,0æ­³,0 Years Old,,0 Jahre alt,0 Ani Vechime
Form7,Label1,å¹´é½¢,Age,,Alter,Vârst?
Form7,Label1,0å††,0 Yen,,0 Yen,0 Yen
Form7,Label1,çµ¦æ–™,Salary,,Gehalt,Salariu
Form7,Label1,èƒ½åŠ›,Skill level,,FÃ¤higkeitslevel,Nivel de pricepere
Form7,Label1,ã‚ã‚ã‚,AAA,,AAA,AAA
Form7,Label3,åº—å“¡ã‚’é›‡ç”¨ã—ã¾ã™,Now hiring store clerks,,Wir stellen jetzt LadenverkÃ¤ufer ein,Acum angajeaz? casieri
Form7,Label1,åå‰,Name,,Name,Nume
Form8,Form8,ãŠå®¢ã•ã‚“,Guest,,Gast,Oaspete
Form8,Label5,å¼·ç›—,Thief,,Dieb,Ho?
Form8,Label1,åå‰,Name,,Name,Nume
Form8,Label,è¬,Mystery,,Geheimnis,Mister
Form8,Label1,å¹´é½¢,Age,,Alter,Vârst?
Form8,Label,??æ­³,?? years old,,?? Jahre alt,?? ani
Form8,Label,å¼·ç›—ã§ã™ï¼,Robbery!,,Raub!,Jaf!
Form8,Label1,æ°—åŠ›,Effort,,Aufwand,Efort
Form8,Label1,èƒ½åŠ›,Skill level,,FÃ¤higkeitslevel,Nivel de pricepere
Form8,Label4,åº—å“¡ã®æƒ…å ±,Employee Info,,Mitarbeiter-Info,Info Angaja?i
Form8,Label1,çµ¦æ–™,Salary,,Gehalt,Salariu
Form8,Label1,å¹´é½¢,Age,,Alter,Vârst?
Form8,Label1,åå‰,Name,,Name,Nume
Form8,Label2,æƒé™¤æ¥­è€…ã®æƒ…å ±,Janitor Info,,Hausmeister-Info,Info Îngrijitor
Form8,Label1,å¹´é½¢,Age,,Alter,Vârst?
Form8,Label1,åå‰,Name,,Name,Nume
Form8,Label3, ãŠå®¢ã•ã‚“ã®æƒ…å ±,Customer Info,,Kunden-Info,Info Client
Form8,Label1,åå‰,Name,,Name,Nume
Form8,Label1,å¹´é½¢,Age,,Alter,Vârst?
Form8,Label1,å¥½ããªæœ¬,Favorite book,,Lieblingsbuch,Carte preferat?
Form8,Label1,æº€è¶³åº¦,Satisfaction level,,Zufriedenheit,Nivel de satisfacere
Form8,Label1,ãŠåº—ã«æ¥ãŸå›æ•°,# of visits,,# von Besuchen,# de vizite
Form9,Form9,ãƒ¬ã‚¸é¸æŠ,Register Selection,,Registerauswahl,Selectare Registru
Form9,Command2,è³¼å…¥,Purchase,,Kauf,Achizi?ionare
Form9,Command1,ã‚­ãƒ£ãƒ³ã‚»ãƒ«,Cancel,,Abbrechen,Anuleaz?
Form9,Label1,ãƒ¬ã‚¸é€Ÿåº¦,Cashier speed,,Kassiergeschwindigkeit,Vitez? casier
Form9,Label1,ä¾¡æ ¼,Price,,Preis,Pre?
Form9,Label3,ãƒ¬ã‚¸ã‚’é¸æŠã—ã¾ã™ ,Choose cashier,,WÃ¤hle den Kassierer aus,Alege casier
Form10,Form10,ãŠå®¢ã•ã‚“ã®æ„è¦‹,Customer Opinion,,Kundenmeinung,Opinia Clientului
Form10,Command1,é–‰ã˜ã‚‹,Close,,SchlieÃŸen,Închide
Form12,Form12,åº—å“¡è§£é›‡,Employee Dismissal,,KÃ¼ndigung von Mitarbeitern,Concedierea Angajatului
Form12,Command2,è§£é›‡ã™ã‚‹,Dismiss employee,,Mitarbeiter kÃ¼ndigen,Concediaz? Angajatul
Form12,Command1,ã‚„ã‚ã‚‹,Quit,,Beenden,P?r?se?te
Form12,Label1,æ°—åŠ›,Willpower,,Willenskraft,Voin??
Form12,Label1,åå‰,Name,,Name,Nume
Form12,Label,12æ­³,12 years old,,12 Jahre alt,12 ani
Form12,Label1,å¹´é½¢,Age,,Alter,Vârst?
Form12,Label1,èƒ½åŠ›,Ability,,FÃ¤higkeit,Abilitate
Form12,Label1,çµ¦æ–™,Salary,,Gehalt,Salariu
Form12,Label1,21ä¸‡0000å††,210k Yen,,210k Yen,210k Yen
Form12,Label3,åº—å“¡è§£é›‡,Fired Employees,,Gefeuerte Mitarbeiter,Angaja?i Concedia?i
Form13,Form13,åº—å“¡æƒ…å ±,Employee Info,,Mitarbeiter-Info,Info Angajat
Form13,Label1,çµ¦æ–™,Salary,,Gehalt,Salariu
Form13,Label1,èƒ½åŠ›,Ability,,FÃ¤higkeit,Abilitate
Form13,Label1,æ°—åŠ›,Energy,,Energie,Energie
Form13,Label1,å¹´é½¢,Age,,Alter,Vârst?
Form13,Label1,åå‰,Name,,Name,Nume
Form14,Form14,ãŠåº—ã®æœˆã€…åˆ©ç›Šè¡¨,Monthly Profit,,Monatlicher Profit,Profit Lunar
Form14,Option3,æ¯å¹´,Per year,,JÃ¤hrlich,Pe an
Form14,Option2,æ¯æœˆ,Per month,,Monatlich,Pe lun?
Form14,Option1,æ¯æ—¥,Per day,,TÃ¤glich,Pe zi
Form14,Label1,ãƒ†ãƒŠãƒ³ãƒˆä»£,Tenant fee,,MietergebÃ¼hr,Onorariu chiria?
Form14,Label1,ã‚µãƒ¼ãƒ“ã‚¹ç³»,Service System,,Servicesystem,Sistem de Serviciu
Form14,Label1,ä¿é™ºé–¢ä¿‚,Insurance,,Versicherung,Asigurare
Form14,Label1,åº—å“¡ã®çµ¦æ–™,Employee's Salary,,Mitarbeitergehalt,Salariul Angajatului
Form14,Label1,ãŠåº—ã®å‚™å“,Store's Fixtures,,Laden-MÃ¶bel,Mobila Libr?riei
Form14,Label1,é›‘èªŒã¨æ›¸ç±,Magazines and Books,,Magazine und BÃ¼cher,Reviste ?i C?r?i
Form14,Label1,ãã®ä»–,The rest,,Andere,Restul
Form14,Label1,åˆè¨ˆ,Total,,Insgesamt,Total
Form14,Label1,åˆè¨ˆ,Total,,Insgesamt,Total
Form14,Label1,æ”¯å‡º,Expenses,,Ausgaben,Cheltuieli
Form14,Label1,åå…¥,Income,,Einkommen,Venit
Form15,Form15,æœˆæœ«ã§ã™,End of the month,,Ende des Monats,Sfâr?itul lunii
Form15,Label1,åå…¥,Income,,Einkommen,Venit
Form15,Label1,æ”¯å‡º,Expenses,,Ausgaben,Cheltuieli
Form15,Label1,åˆè¨ˆ,Total,,Insgesamt,Total
Form15,Label1,åˆè¨ˆ,Total,,Insgesamt,Total
Form15,Label1,ãã®ä»–,Other,,Andere,Alta
Form15,Label1,é›‘èªŒã¨æ›¸ç±,Magazines and Books,,Magazine und BÃ¼cher,Reviste ?i C?r?i
Form15,Label1,ãŠåº—ã®å‚™å“,Store's Fixtures,,Laden-MÃ¶bel,Mobila Libr?riei
Form15,Label1,åº—å“¡ã®çµ¦æ–™,Employee's Salary,,Mitarbeitergehalt,Salariul Angajatului
Form15,Label1,ä¿é™ºé–¢ä¿‚,Insurance,,Versicherung,Asigurare
Form15,Label1,ã‚µãƒ¼ãƒ“ã‚¹ç³»,Service System,,Servicesystem,Sistem de Serviciu
Form15,Label1,ãƒ†ãƒŠãƒ³ãƒˆä»£,Tenant fee,,MietergebÃ¼hr,Onorariu chiria?
Form15,Command1,é–‰ã˜ã‚‹,Close,,SchlieÃŸen,Închide
Form15,Label1,1997å¹´8æœˆæœ«,End of August 1997,,Ende August 1997,Sfâr?itul lui August 1977
Form15,Font,ï¼­ï¼³ ï¼°ã‚´ã‚·ãƒƒã‚¯,MS PGothic,,MS PGothic,MS Pgothic
Form15,Label1,ä»Šæœˆã®åˆ©ç›Š,Monthly Profit,,Monatlicher Profit,Profit Lunar
Form15,Label1,ä»Šæœˆå£²ã£ãŸæœ¬ã®æ•°,Books sold this month,,BÃ¼cher in diesem Monat verkauft,C?r?i vândute în aceast? lun?
Form15,Label1,ã§ã—ãŸã€‚,the red,,das Rot,ro?ul
Form15,Label1,èµ¤å­—,was in,,war in,era în
Form15,Label1,ä»Šæœˆã¯,This month,,Dieser Monat,Aceast? lun?
Form18,Form18,ä¿é™ºåŠ å…¥,Purchase Insurance,,Versicherung kaufen,Cump?rare Asigurare
Form18,Frame3,è¢«å®³ä¿é™º,Injury insurance,,Krankenversicherung,Asigurare medical?
Form18,Option5,åŠ å…¥ã™ã‚‹,Become member,,Mitglied werden,Devino membru
Form18,Option6,åŠ å…¥ã—ãªã„,Do not become member,,Nicht Mitglied werden,Nu deveni membru
Form18,Label4,è²»ç”¨ æœˆã€…5ä¸‡å††,"Monthly costs: 50,000 Yen",,"Monatliche Kosten: 50,000 Yen",Cost lunar: 50.000 de Yen
Form18,Frame2,åœ°éœ‡ä¿é™º,Earthquake Insurance,,Erdbebenversicherung,Asigurare Cutremur
Form18,Option3,åŠ å…¥ã™ã‚‹,Become member,,Mitglied werden,Devino membru
Form18,Option4,åŠ å…¥ã—ãªã„,Do not become member,,Nicht Mitglied werden,Nu deveni membru
Form18,Label2,è²»ç”¨ æœˆã€…3ä¸‡å††,"Monthly costs: 30,000 Yen",,"Monatliche Kosten: 30,000 Yen",Cost lunar: 30.000 de Yen
Form18,Frame1,ç«ç½ä¿é™º,Fire / Home Insurance,,Hausversicherung,Asigurare Foc / Cas?
Form18,Option2,åŠ å…¥ã—ãªã„,Do not become member,,Nicht Mitglied werden,Nu deveni membru
Form18,Option1,åŠ å…¥ã™ã‚‹,Become member,,Mitglied werden,Devino membru
Form18,Label1,è²»ç”¨ æœˆã€…3ä¸‡å††,"Monthly costs: 30,000 Yen",,Monatliche Kosten: 30.000 Yen,Cost lunar: 30.000 de Yen
Form18,Command2,æ±ºå®š,Confirm,,BestÃ¤tigen,Confirm?
Form18,Command1,ã‚­ãƒ£ãƒ³ã‚»ãƒ«,Cancel,,Abbrechen,Anuleaz?
Form18,Label5,ã™ã¹ã¦ã®ä¿é™ºè²»ç”¨ã‚’åˆè¨ˆã™ã‚‹ã¨æœˆã€…å††ã‹ã‹ã‚Šã¾ã™ã€‚,Total costs per month:,,Monatliche Kosten insgesamt:,Cost total pe lun?:
Form18,Label3,ã©ã®ä¿é™ºã«å…¥ã‚Šã¾ã™ã‹,Current plan,,Momentaner Plan,Plan curent
Form19,Form19,è€éœ‡å·¥äº‹,Seismic Retrofitting,,seismische NachrÃ¼stung,Modernizare seismic?
Form19,Option2,ãµã¤ã†ã«,Ordinarily,,GewÃ¶hnlich,Ordinar
Form19,Option1,ã™ã“ã—,A little bit,,Ein bisschen,Pu?in
Form19,Frame2,è²»ç”¨è¨ˆç®—,Calculate costs,,Kosten berechnen,Calculeaz? costuri
Form19,Label1,å††,Yen,,Yen,Yen
Form19,Label1,å††,Yen,,Yen,Yen
Form19,Label1,å††,Yen,,Yen,Yen
Form19,Label1,æ®‹é‡‘,Balance:,,Guthaben,Balan??:
Form19,Label1,æƒé™¤è²»ç”¨,Cleaning fee,,Reinungskosten,Tax? cur??enie
Form19,Label1,ç¾åœ¨è³‡é‡‘,Current funding,,aktuelle Finanzierung,Finan?are curent?
Form19,Command4,æƒé™¤ã™ã‚‹,Clean up,,AufrÃ¤umen,Cur???
Form19,Command3,ã‚­ãƒ£ãƒ³ã‚»ãƒ«,Cancel,,Abbrechen,Anuleaz?
Form19,Label2,æƒé™¤æ–¹æ³•é¸æŠ,Cleaning method,,AufrÃ¤ummethode,Metod? de cur??are
Form19,Label2,æƒé™¤ã‚’è¡Œã„ã¾ã™,Perform cleaning,,Reinigen,Execut? cur??ate
Form19,Frame3,ç¾åœ¨è€éœ‡åº¦,Current Seismic Resistance ,,Momentaner seismischer Widerstand,Rezisten?? Seismic? Curent?
Form19,Label1,è€éœ‡åº¦,Seismic Resistance ,,seismischer Widerstand,Rezisten?? Seismic?
Form19,Command1,ã‚­ãƒ£ãƒ³ã‚»ãƒ«,Cancel,,Abbrechen,Anuleaz?
Form19,Command2,å·¥äº‹ã™ã‚‹,Start construction,,Baustelle starten,Începe construc?ie
Form19,Frame1,è²»ç”¨è¨ˆç®—,Calculate costs,,Kosten berechnen,Calculeaz? costuri
Form19,Label1,ç¾åœ¨è³‡é‡‘,Available funds,,VerfÃ¼gbare Geldmittel,Finan?are disponibil?
Form19,Label1,å·¥äº‹è²»ç”¨,Construction costs,,Baustellkosten,Costuri construc?ie
Form19,Label1,æ®‹é‡‘,Renovation costs,,Renovierungskosten,Costuri renovare
Form19,Label,å††,Yen,,Yen,Yen
Form19,Label,å††,Yen,,Yen,Yen
Form19,Label,å††,Yen,,Yen,Yen
Form19,Label3,è€éœ‡å·¥äº‹ã‚’è¡Œã„ã¾ã™,Seismic Retrofitting,,seismische NachrÃ¼stung,Modernizare Seismic?
Form20,Form20,å‚™å“æƒ…å ±,Equipment Info,,AusrÃ¼stungsinfo,Info Echipament
Form20,Command3,ç‡ƒã‚„ã™,Burn,,Brennen,Arde
Form20,Command1,æ’¤å»,Remove,,Entfernen,Înl?tur?
Form20,Command2,é–‰ã˜ã‚‹,Close,,SchlieÃŸen,Închide
Form20,Label1,åˆ©ç”¨å›æ•°,Number of times used,,x-mal benutzt,Num?rul de utiliz?ri
Form20,Label1,æœ€å¤§åéŒ²,Maximum Recording,,Maximale Aufnahme,Înregistrare Maxim?
Form20,Label3,å‚™å“ã®æƒ…å ±ã§ã™,Equipment Info,,AusrÃ¼stungsinfo,Info Echipament
Form21,Form21,æ›¸ç±ã‚’å…¥è·,Receive Books,,BÃ¼cher erhalten,Prime?te C?r?i
Form21,Command2,æ›¸ç±TOP10,Top 10 Books,,Top 10 BÃ¼cher,Top 10 C?r?i
Form21,Frame2,ã™ã¹ã¦å£²ã‚ŒãŸã¨,When all items are sold,,Wenn alle Artikel verkauft sind,Când toate produsele sunt vândute
Form21,Label5,ä»•å…¥å€¤,Purchase price,,Kaufpreis,Pre? de cump?rare
Form21,label5,å£²ã‚Šå€¤,Sale price,,Verkaufspreis,Pre? de vânzare
Form21,label5,åˆ©ç›Š,Profit,,Profit,Profit
Form21,label6,0å††,0 Yen,,Yen,0 Yen
Form21,label6,0å††,0 Yen,,Yen,0 Yen
Form21,label6,0å††,0 Yen,,Yen,0 Yen
Form21,command3,ã‚­ãƒ£ãƒ³ã‚»ãƒ«,Cancel,,Abbrechen,Anuleaz?
Form21,frame1,å£²ã‚Šåˆ‡ã‚ŒãŸã‚‰,When sold out,,Wenn ausverkauft,Când vândut
Form21,option2,å£²ã‚Šåˆ‡ã‚Œã¦ã‚‚ãã®ã¾ã¾,Do not restock,,Nicht auffÃ¼llen,Nu restoca
Form21,option1,å£²ã‚Šåˆ‡ã‚ŒãŸã‚‰å†åº¦å…¥è·ã™ã‚‹,Restock,,AuffÃ¼llen,Restoca
Form21,command1,å…¥è·ã™ã‚‹,Receive Books,,BÃ¼cher erhalten,Prime?te C?r?i
Form21,Label5,ã™ã¹ã¦ã®æ›¸ç±ã®å…¥è·æ•°ã‚’å¤‰æ›´,Change number of books,,Anzahl der BÃ¼cher verÃ¤ndern,Schimb? num?rul de c?r?i
Form21,Label5,è³‡é‡‘,Funding,,Finanzierung,Finan?are
Form21,Label5,åœ¨åº«æ•°,Inventory count,,Inventarplatz,Num?r de inventar
Form21,Label5,å…¥è·æ•°,Number of incoming books,,Anzahl der ankommenden BÃ¼cher,Num?r de c?r?i venind
Form21,Label5,ãƒ¡ãƒ¢,Memo,,Memo,Memo
Form21,Label5,æ›¸ç±å,Book title,,Buchtitel,Titlul c?r?ii
Form21,Label2,å…¥è·æ•°,Qty in Stock,,Menge auf Lager,Cantitate în Stoc
Form21,Label2,å£²ã‚Šå€¤,Selling Price,,Verkaufspreis,Pre? de Vânzare
Form21,Label10,ä»•å…¥å€¤,Purchase price,,Kaufpreis,Pre? de cump?rare
Form21,Label2,ã‚¸ãƒ£ãƒ³ãƒ«,Genre,,Genre,Gen
Form21,Label2,ãƒ¡ãƒ¢,Memo,,Memo,Memo
Form21,Label2,æ›¸ç±å,Book title,,Buchtitel,Titlul c?r?ii
Form21,Label2,å…¥è·æ±ºå®šã—ã¦ã‹ã‚‰ 3æ—¥å¾Œã«æœ¬ãŒå±Šãã¾ã™>>,Book will arrive in 3 days,,Buch wird in 3 Tagen ankommen,Cartea va ajunge în 3 zile
Form21,label6,0å†Š,0 books,,0 BÃ¼cher,0 c?r?i
Form22,Form22,å…¨æ—¥æœ¬ æœ¬å±‹ã‚³ãƒ³ãƒ†ã‚¹ãƒˆ,National Bookstore Competition,,Nationaler BÃ¼cherladenwettbewerb,Competi?ia Na?ional? de Libr?rii
Form22,Command1,çµ‚äº†,The end,,Das Ende,Sfâr?it
Form22,Label2,å‚™å“è¨­å‚™è³,Furnishing Award,,MÃ¶bilierungsauszeichnung,Premiu de Mobilare
Form22,Label3,97å¹´ä¸ŠåŠæœŸã‚³ãƒ³ãƒ†ã‚¹ãƒˆ,First half of 1997 Contest,,Erste HÃ¤lfte des 1997'er Wettbewerbs,Prima jum?tate a Competi?iei 1997
Form22,Label2,ç²—æ‚ªè³,Worst Award,,Schlechteste Auszeichnung,Cel Mai Prost Premiu
Form22,Label2,åŠªåŠ›è³,Good Effort Award,,Hoher-Aufwand-Auszeichnung,Premiul de Efort
Form22,Label2,æœ¬å£²ä¸Šè³,Best Sales Award,,HÃ¶chste-Verkaufszahlen-Auszeichnung,Premiul de Cele Mai Bune Vânz?ri
Form22,Label2,æ¸…æƒè³,Cleanliness Award,,Sauberkeitsauszeichnung,Premiul de Cur??enie
Form22,Label2,ã‚°ãƒ©ãƒ³ãƒ—ãƒª,Grand Prix,,Grand Prix,Grand Prix
Form17,Form17,é›‘èªŒã®åœ¨åº«,Magazine Inventory,,Zeitschrift-Inventar,Inventar Reviste
Form17,Label1,åˆ©ç›Š,Profit,,Profit,Profit
Form17,Label1,é›‘èªŒå,Magazine Name,,Zeitschrift-Name,Numele Revistei
Form17,Label1,åœ¨åº«æ•°,Inventory count,,Inventarzahl,Num?r inventar
Form17,Label1,å‰å›å£²ä¸Š,Previous Sales,,Vorhergehende Verkaufszahlen,Vânz?ri Anterioare
Form23,Form23,æ›¸ç±ã®åœ¨åº«,Book stock,,BÃ¼cherlager,Stoc c?r?i
Form23,Label1,æ›¸ç±å,Book title,,Buchtitel,Titlul c?r?ii
Form23,Label1,åˆ©ç›Š,Profit,,Profit,Profit
Form23,Label1,åœ¨åº«,Inventory count,,Inventarzahl,Num?r inventar
Form23,Label1,å£²æ•°,Number of sales,,Anzahl der VerkÃ¤ufe,Num?r de vânz?ri
Form23,Label1,æ¬¡å›å…¥è·äºˆå®š,Next shipment,,NÃ¤chster Versand,Urm?toarea expediere
Form24,Form24,éŠ€è¡Œ,Bank,,Bank,Banc?
Form24,Frame1,å€Ÿé‡‘,Loan,,Darlehen,Împrumut
Form24,Label1,æ—¥,Day,,Tag,Zi
Form24,Label1,æœˆ,Month,,Monat,Lun?
Form24,Label1,å¹´,Year,,Jahr,An
Form24,Label1,æ—¥,Day,,Tag,Zi
Form24,Label1,æœˆ,Month,,Monat,Lun?
Form24,Label1,å¹´,Year,,Jahr,An
Form24,Label6,è¿”æ¸ˆæ—¥,Payment Due,,Zahlung fÃ¤llig am,Plat? Datorat?
Form24,Label5,é‡‘é¡,Amount of $,,Anzahl der $,Sum? de $
Form24,Command2,å€Ÿé‡‘ã™ã‚‹,Take A Loan,,Ein Darlehen nehmen,F? un Împrumut
Form24,Command1,å¸°ã‚‹,Go Back,,ZurÃ¼ck,Întoarce-te
Form24,Label5,è³‡é‡‘,Available funds,,VerfÃ¼gbare Geldmittel,Finan?are disponibil?
Form24,Label3,éŠ€è¡Œã§ã™ ,Bank,,Bank,Banc?
Form25,Form25,å€Ÿé‡‘,Debt,,Schulden,Datorie
Form25,Command2,å€Ÿã‚Šã‚‹,Borrow,,Leihen,Împrumut?
Form25,Command1,ã‚„ã‚ã‚‹,Cancel,,Abbrechen,Anuleaz?
Form25,Label1,å¹´,Year,,Jahr,An
Form25,Label1,æœˆ,Month,,Monat,Lun?
Form25,Label5,è¿”æ¸ˆæ—¥,Due Date,,FÃ¤lligkeitsdatum,Dat? scadent?
Form25,Label5,è¿”æ¸ˆé‡‘é¡ (åˆ©å­20%),Amount Due (20% Interest),,fÃ¤lliger Betrag (20% Zinsen),Plat? Datorat? (20% Dobând?)
Form25,Label5,å€Ÿé‡‘é‡‘é¡,Amount Borrowed,,Anzahl geliehen,Sum? Împrumutat?
Form25,Label5,å€Ÿé‡‘å¯èƒ½é‡‘é¡,Amount Borrowable,,Anzahl leihbarer Mittel,Sum? Împrumutabil?
Form25,Label5,è³‡é‡‘,Funding,,Finanzierung,Finan?are
Form25,Label3,ã„ãã‚‰å€Ÿã‚Šã¾ã™ã‹ ,How much to borrow?,,Wie viel leihen?,Cât de mult împrumu?i?
Form26,Form26,å€Ÿé‡‘è¿”æ¸ˆ,Debt Repayment,,SchuldenrÃ¼ckzahlung,Repl?tire Datorie
Form26,Command1,é–‰ã˜ã‚‹,Close,,SchlieÃŸen,Închide
Form26,Label1,æ—¥ ã«å€Ÿé‡‘ã—ãŸ,Borrowed on,,Geliehen am,Împrumutat pe
Form26,Label1,æœˆ,Month,,Monat,Lun?
Form26,Label1,å¹´,Year,,Jahr,An
Form26,Label1,å€Ÿé‡‘ã®è¿”æ¸ˆæœŸé™ãŒãã¾ã—ãŸã€‚,Payment past due!,,Zahlung Ã¼berfallig!,Plat? Scadent?!
Form26,Label3,å€Ÿé‡‘ã®è¿”æ¸ˆã‚’ã—ã¾ã™,Repay the debt,,Zahle die Schulden,Repl?te?te datoria
Form27,Form27,ä»Šæ—¥ã¯,Today is,,Heute ist,Ast?zi este
Form27,Command1,é–‰ã˜ã‚‹,Close,,SchlieÃŸen,Închide
Form27,Label3,ã€Œâ†’ã€ãŒã¤ã„ã¦ã„ã‚‹é›‘èªŒã‚’å…¥è·ã—ã¦ã„ã¾ã™ã€‚,Magazines with are in stock,,Zeitschriften auf Lager,Reviste ce sunt în stoc
Form27,Label1,å¹´,Year,,Jahr,An
Form27,Label1,æœˆ,Month,,Monat,Lun?
Form27,Label1,æ—¥,Day,,Tag,Zi
Form27,Label2,æ—¥æ›œæ—¥,Sunday,,Sonntag,Duminic?
Form28,Form28,ã‚¹ãƒ”ãƒ¼ãƒ‰å¤‰æ›´,Change Speed,,Geschwindigkeit Ã¤ndern,Schimb? viteza
Form28,Frame1,é€Ÿåº¦,Speed,,Geschwindigkeit,Vitez?
Form28,Command1,æ±ºå®š,OK,,OK,OK
Form28,Label1,é€Ÿåº¦,Speed,,Geschwindigkeit,Vitez?
Form28,Label3,ã‚¹ãƒ”ãƒ¼ãƒ‰ã‚’å¤‰æ›´ã—ã¾ã™,The speed will be adjusted.,,Die Geschwindigkeit wird angepasst.,Viteza va fi ajustat?.
Form29,Form29,æ›¸ç±ã®å£²ã‚Šæ•°æ¨ç§»,Book Sales Trends,,BÃ¼cherverkauf-Trends,Trend-uri de Vânz?ri a C?r?ilor
Form29,Option5,ç™¾ä¸‡,Million,,Millionen,Milion
Form29,Option6,1åƒä¸‡,10 Million,,10 Millionen,10 Milioane
Form29,Option3,æ¯æ—¥,Daily,,TÃ¤glich,Zilnic
Form29,Option2,æ¯æœˆ,Monthly,,Monatlich,Lunar
Form29,Option1,æ¯å¹´,Yearly,,JÃ¤hrlich,Anual
Form29,Label1,2ç™¾å†Š,200 books,,200 BÃ¼cher,200 de c?r?i
Form29,Label1,ç™¾å†Š,hundred books,,Hundert BÃ¼cher,sute de c?r?i
Form29,Label1,0å†Š,0 books,,0 BÃ¼cher,0 c?r?i
Form30,Form30,ãŠåº—ã®åˆ©ç›Šæ¨ç§»,Store Profit Trends,,Ladenprofit-Trends,Trend-uri de Profit a Libr?riei
Form30,Option4,10ä¸‡,100k,,100k,100k
Form30,Option6,1åƒä¸‡,10 million,,10 Millionen,10 milioane
Form30,Option5,ç™¾ä¸‡,million,,Millionen,milioane
Form30,Option3,æ¯æ—¥,Every day,,Jeden Tag,În fiecare zi
Form30,Option2,æ¯æœˆ,Every month,,Jeden Monat,În fiecare lun?
Form30,Label1,ç™¾å†Š,Hundred books,,Hundert BÃ¼cher,sute de c?r?i
Form30,Label1,0å††,0 Yen,,0 Yen,0 Yen
Form30,Label1,ç™¾å†Š,100 books,,100 BÃ¼cher,100 de c?r?i
Form30,Label1,2ç™¾å†Š,200 books,,200 BÃ¼cher,200 de c?r?i
Form30,Option1,æ¯å¹´,Every year,,Jedes Jahr,În fiecare an
Form31,Form31,ãƒ¬ã‚¸æƒ…å ±,Register Info,,Registrierungs-Info,Info Registru
Form31,Command2,é–‰ã˜ã‚‹,Close,,SchlieÃŸen,Închide
Form31,Command1,æ’¤å»,Remove,,LÃ¶schen,Elimin?
Form31,Label1,ãƒ¬ã‚¸é€Ÿåº¦,Cash register speed,,Kassengeschwindigkeit,Vitez? cas? de marcat
Form31,Label1,åˆ©ç”¨å›æ•°,Number of times used,,x-mal benutzt,Num?rul de utiliz?ri
Form31,Label3,ãƒ¬ã‚¸ã®æƒ…å ±ã§ã™,Register details,,Registrierungsdetails,Detalii registru
Form32,Form32,åœ°éœ‡ã§ã™,It's an earthquake!,,Ein Erdbeben!,Este un cutremur!
Form32,Label1,ç›´ä¸‹å‹å¤§åœ°éœ‡ã§ã™,The earthquake is right below us.,,Das Erdbeben ist unter uns.,Cutremurul este fix sub noi.
Form32,Label1,åœ°éœ‡ã§ã™,It' an earthquake,,Ein Erdbeben!,Este un cutremur
Form32,Command1,æ¬¡ã¸ >>,Next,,NÃ¤chstes,Urm?torul
Form33,Form33,é€šçŸ¥,Notifications,,Benachrichtigungen,Notific?ri
Form33,Command1,æ¬¡ã¸ >>,Next,,NÃ¤chstes,Urm?torul
Form33,Label,å…¨æ—¥æœ¬ã€æœ¬å±‹ã‚³ãƒ³ãƒ†ã‚¹ãƒˆã®æ™‚æœŸãŒãã¾ã—ãŸã€‚,It's time for the National Book Store Contest!,,Es ist Zeit fÃ¼r den nationalen BÃ¼cherladenwettbewerb!,Este timpul pentru Competi?ia Na?ional? de Libr?rii!
Form34,Form34,å–¶æ¥­åœæ­¢,Close Shop,,Laden schlieÃŸen,Închide Libr?rie
Form34,Label1,å–¶æ¥­åœæ­¢,Close Shop,,Laden schlieÃŸen,Închide Libr?rie
Form34,Command1,é–‰ã˜ã‚‹,Close,,SchlieÃŸen,Închide
Form34,Label2,ã‚²ãƒ¼ãƒ ã‚ªãƒ¼ãƒãƒ¼,Game Over,,Game Over,Game Over
Form35,Form35,å¼·ç›—ãŒæ¥ã¾ã—ãŸ,A thief came,,Ein Dieb kam,Un ho? a venit
Form35,Command2,æ‰•ã‚ãªã„,Don't pay,,Nicht zahlen,Nu pl?ti
Form35,Command1,ãŠé‡‘ã‚’æ‰•ã†,Pay,,Zahlen,Pl?te?te
Form35,Label,å¼·ç›—ãŒæ¥ã¾ã—ãŸ,A thief came,,Ein Dieb kam,Un ho? a venit
Form36,Form36,åº—å“¡ã®è¨­å®š,Clerk settings,,VerkÃ¤ufer-Einstellungen,Set?ri casier
Form36,Command3,çµ¦æ–™å¤‰æ›´,Change salary,,Gehalt Ã¤ndern,Schimb? salariu
Form36,Frame1,æƒé™¤ã«ã¤ã„ã¦,Cleaning Conditions,,SÃ¤uberungsbedingungen,Condi?ii de Cur??at
Form36,Option5,ã‚ˆã”ã‚ŒãŒ20ä»¥ä¸Šã«ãªã£ãŸã‚‰æƒé™¤ã™ã‚‹,Clean when filth is is 20 or more,,Bei 20 oder mehr Dreck sÃ¤ubern,Cur??? când murd?ria este 20 sau mai mult
Form36,Option4,ã‚ˆã”ã‚ŒãŒ40ä»¥ä¸Šã«ãªã£ãŸã‚‰æƒé™¤ã™ã‚‹,Clean when filth is is 40 or more,,Bei 40 oder mehr Dreck sÃ¤ubern,Cur??? când murd?ria este 40 sau mai mult
Form36,Option3,ã‚ˆã”ã‚ŒãŒ60ä»¥ä¸Šã«ãªã£ãŸã‚‰æƒé™¤ã™ã‚‹,Clean when filth is is 60 or more,,Bei 60 oder mehr Dreck sÃ¤ubern,Cur??? când murd?ria este 60 sau mai mult
Form36,Option2,ã‚ˆã”ã‚ŒãŒ80ä»¥ä¸Šã«ãªã£ãŸã‚‰æƒé™¤ã™ã‚‹,Clean when filth is is 80 or more,,Bei 80 oder mehr Dreck sÃ¤ubern,Cur??? când murd?ria este 80 sau mai mult
Form36,Option1,æƒé™¤ã‚’ã—ãªã„,Do not clean,,Nicht sÃ¤ubern,Nu cur??a
Form36,Command2,ã‚„ã‚ã‚‹,Stop,,Stop,Stop
Form36,Frame2,æƒé™¤æ–¹æ³•é¸æŠ,Choose cleaning method,,WÃ¤hle Reinigungsmethode,Alege metod? de cur??are
Form36,Option8,ãŸãã•ã‚“,Clean a lot,,Viel sÃ¤ubern,Cur??? mult
Form36,Option7,ãµã¤ã†ã«,Clean a normal amount,,Normal sÃ¤ubern,Cur??? un nivel normal
Form36,Option6,ã™ã“ã—,Clean only a little,,Wenig sÃ¤ubern,Cur??? doar pu?in
Form36,Command1,æ±ºå®š,OK,,OK,OK
Form36,Label1,èƒ½åŠ›,Ability,,FÃ¤higkeit,Abilitate
Form36,Label1,æ°—åŠ›,Willpower,,Willenskraft,Voin??
Form36,Label1,çµ¦æ–™,Salary,,Gehalt,Salariu
Form36,Label1,å¹´é½¢,Age,,Alter,Vârst?
Form36,Label1,åå‰,Name,,Name,Nume
Form36,Label1,èƒ½åŠ›,Ability,,FÃ¤higkeit,Abilitate
Form36,Label1,æ°—åŠ›,Willpower,,Willenskraft,Voin??
Form36,Label1,çµ¦æ–™,Salary,,Gehalt,Salariu
Form36,Label1,å¹´é½¢,Age,,Alter,Vârst?
Form36,Label1,åå‰,Name,,Name,Nume
Form36,Label3,åº—å“¡ã®è¨­å®šã§ã™ ,Employee Options,,Mitarbeiter-Optionen,Op?iuni Angajat
Form37,Form37,1000äººçªç ´,Over 1000 People,,Ãœber 1000 Leute,Peste 1000 de Persoane
Form37,Command1,é–‰ã˜ã‚‹,Close,,SchlieÃŸen,Închide
Form37,Label1,"ãŠåº—ã«æ¥ãŸãŠå®¢ã•ã‚“ãŒ1,000äººã‚’çªç ´ã—ã¾ã—ãŸã€‚","More than 1,000 customers have visited the store!",,Mehr als 1000 Leute haben den Laden besucht!,Peste 1000 de clien?i au vizitat libr?ria!
Form38,Form38,çµ¦æ–™å¤‰æ›´,Change salary,,Gehalt Ã¤ndern,Schimb? salariu
Form38,Command2,ã‚„ã‚ã‚‹,Abort,,Abbrechen,Renun??
Form38,Command1,æ±ºå®š,OK,,OK,OK
Form38,Label1,21ä¸‡0000å††,"210,000 YEN",,210.000 Yen,210.000 YEN
Form38,Label1,çµ¦æ–™,Salary,,Gehalt,Salariu
Form38,Label1,èƒ½åŠ›,Ability,,FÃ¤higkeit,Abilitate
Form38,Label1,å¹´é½¢,Age,,Alter,Vârst?
Form38,Label1,12æ­³,12 years old,,12 Jahre alt,12 ani
Form38,Label1,åå‰,Name,,Name,Nume
Form38,Label1,æ°—åŠ›,Energy,,Energie,Energie
Form38,Label3,çµ¦æ–™ã‚’å¤‰æ›´ã—ã¾ã™,Change salary,,Gehalt Ã¤ndern,Schimb? salariu
Form39,Form39,ãŠåº—ã®å®£ä¼,Store Promotion,,Ladenwerbung,Promovare Libr?rie
Form39,Frame1,å®£ä¼ã™ã‚‹ãƒ¡ãƒ‡ã‚£ã‚¢,Advertising,,Werbung,Publicitate
Form39,Option6,ãƒ€ã‚¤ãƒ¬ã‚¯ãƒˆãƒ¡ãƒ¼ãƒ«,Direct Mail,,Postwerbung,Po?t? Direct?
Form39,Option5,æ˜ ç”»ã®å‰ã«æµã™,Show Ad in Theaters,,Werbung in Kinos,Afi?eaz? Publicitate în Teatre
Form39,Option4,ãƒ†ãƒ¬ãƒ“ã‚³ãƒãƒ¼ã‚·ãƒ£ãƒ«,TV Commercial,,TV-Werbung,Publicitate TV
Form39,Option3,ãƒ›ãƒ¼ãƒ ãƒšãƒ¼ã‚¸åˆ¶ä½œ,Online Ads,,Online-Werbung,Anun?uri Online
Form39,Option2,æ–°èã«è¼‰ã›ã‚‹,Place Ad in Newspaper,,Werbung in Zeitungen,Plaseaz? Anun? în Ziar
Form39,Option1,ãƒã‚¹ã‚¿ãƒ¼ã‚’è²¼ã‚‹,Put Up Poster,,Poster aufstellen,Pune Afi?e
Form39,Command2,ã‚„ã‚ã‚‹,Cancel,,Abbrechen,Anuleaz?
Form39,Command1,æ±ºå®š,OK,,OK,OK
Form39,Label3,ãŠåº—ã®å®£ä¼ã‚’è¡Œã„ã¾ã™ ,Promote Shop,,Den Laden werben,Promovare Libr?rie
Form44,Form44,ãƒ€ã‚¤ãƒ¬ã‚¯ãƒˆãƒ¡ãƒ¼ãƒ«,Direct Mail,,Postwerbung,Po?t? Direct?
Form44,Command1,ã‚„ã‚ã‚‹,Stop,,Stop,Stop
Form44,Command2,æ±ºå®š,OK,,OK,OK
Form44,Frame1,é€ã‚‹æ•°,Number to send,,Zu sendende Zahl,Num?r de trimis
Form44,Option1,é€š,No.,,Nummer,Nu.
Form44,Label5,æ®‹é‡‘,Balance,,Guthaben,Balan??
Form44,Label5,è²»ç”¨,Expenses,,Ausgaben,Cheltuieli
Form44,Label5,è³‡é‡‘,Funds,,Geldmittel,Finan?are
Form44,Label3,ãƒ€ã‚¤ãƒ¬ã‚¯ãƒˆãƒ¡ãƒ¼ãƒ«ã‚’é€ã‚Šã¾ã™ ,Send direct mail,,Direktsendung senden,Trimitere po?t? direct?
Form41,Form41,ãŠåº—ã®è©³ç´°æƒ…å ±,Shop's Detailed Info,,Detailierte Ladeninfo,Informa?ii Detaliate ale Libr?riei
Form41,Frame1,ãƒ‘ãƒ©ãƒ¡ãƒ¼ã‚¿,Parameters,,Parameter,Parametrii
Form41,Label1,äººæ°—,Popularity,,PopularitÃ¤t,Popularitate
Form41,Label1,è€éœ‡åº¦,Seismic Resistance,,seismischer Widerstand,Rezisten?? Seismic?
Form41,Label1,ã‚ˆã”ã‚Œ,Filthiness,,Schmutz,Murd?rie
Form41,Label1,çŸ¥ååº¦,Reputation,,Ruf,Reputa?ie
Form41,Label1,ãŠåº—è¦æ¨¡,Store Size,,LadengrÃ¶ÃŸe,M?rime Libr?rie
Form41,Label1,æ™‚,Hour,,Stunde,Or?
Form41,Label2,æ—¥æ›œæ—¥,Sunday,,Sonntag,Duminic?
Form41,Label1,æ—¥,Day,,Tag,Zi
Form41,Label1,æœˆ,Month,,Monat,Lun?
Form41,Label1,å¹´,Year,,Jahr,An
Form41,Label1,æ˜Ÿã®æ•°,Rating,,Bewertung,Recenzii
Form41,Label1,è³‡é‡‘,Funds,,Geldmittel,Finan?are
Form41,Label1,æœ¬å±‹ã®åå‰,Bookstore Name,,BÃ¼cherladen-Name,Numele Libr?riei
Form43,Form43,å®£ä¼æ˜ ç”»è£½ä½œ,Promotional Film Production,,Werbefilmproduktion,Producerea unui Film de Promovare
Form43,Frame1,è£½ä½œè€…,Producer,,Produzent,Produc?tor
Form43,Option3,æœ‰åæ˜ ç”»ç›£ç£ã«é ¼ã‚€,Hire Famous Director,,BerÃ¼hmten Regisseur anheuern,Angajeaz? Regizor Faimos
Form43,Option2,CMåˆ¶ä½œä¼šç¤¾ã«é ¼ã‚€,Ask An Advertising Company,,Eine Werbefirma fragen,Întreab? o Companie de Publicitate
Form43,Option1,è‡ªä¸»åˆ¶ä½œã™ã‚‹,Produce Independently ,,UnabhÃ¤ngig produzieren,Produ Independent
Form43,Command2,æ±ºå®š,OK,,OK,OK
Form43,Command1,ã‚„ã‚ã‚‹,Cancel,,Abbrechen,Anuleaz?
Form43,Label5,è³‡é‡‘,Funds,,Geldmittel,Finan?are
Form43,Label5,è²»ç”¨,Expenses,,Ausgaben,Cheltuieli
Form43,Label5,æ®‹é‡‘,Balance,,Guthaben,Balan??
Form43,Label3,å®£ä¼æ˜ ç”»ã‚’åˆ¶ä½œã—ã¾ã™ ,Make Promotional Film,,Einen Werbefilm drehen,Produ Film Publicitar
Form42,Form42,ãƒ†ãƒ¬ãƒ“ã‚³ãƒãƒ¼ã‚·ãƒ£ãƒ«,Television Commerical ,,Fernsehwerbung,Publicitate TV
Form42,Frame1,è£½ä½œè€…,Producer,,Produzent,Produc?tor
Form42,Option3,æœ‰åæ˜ ç”»ç›£ç£ã«é ¼ã‚€,Hire Famous Director,,BerÃ¼hmten Regisseur anheuern,Angajeaz? Regizor Faimos
Form42,Option2,CMåˆ¶ä½œä¼šç¤¾ã«é ¼ã‚€,Ask An Advertising Company,,Eine Werbefirma fragen,Întreab? o Companie de Publicitate
Form42,Option1,è‡ªä¸»åˆ¶ä½œã™ã‚‹,Produce Independently ,,UnabhÃ¤ngig produzieren,Produ Independent
Form42,Command2,æ±ºå®š,OK,,OK,OK
Form42,Command1,ã‚„ã‚ã‚‹,Cancel,,Abbrechen,Anuleaz?
Form42,Label5,è³‡é‡‘,Funds,,Geldmittel,Finan?are
Form42,Label5,è²»ç”¨,Expenses,,Ausgaben,Cheltuieli
Form42,Label5,æ®‹é‡‘,Balance,,Guthaben,Balan??
Form42,Label3,ãƒ†ãƒ¬ãƒ“ã‚³ãƒãƒ¼ã‚·ãƒ£ãƒ«åˆ¶ä½œ  ,Create Television Commercial,,Fernsehwerbung erstellen,Creeaz? Publicitate TV
Form40,Form40,ãƒã‚¹ã‚¿ãƒ¼ã‚’è²¼ã‚‹,Put Up Poster,,Poster aufstellen,Pune Afi?
Form40,Command1,ã‚„ã‚ã‚‹,Cancel,,Abbrechen,Anuleaz?
Form40,Command2,æ±ºå®š,OK,,OK,OK
Form40,Frame1,è²¼ã‚‹æšæ•°,Qty to put up:,,Wieviele aufstellen:,Cantitate de a pune:
Form40,Option1,æš,Posters,,Poster,Afi?e
Form40,Label5,æ®‹é‡‘,Balance,,Guthaben,Balan??
Form40,Label5,è²»ç”¨,Expenses,,Ausgaben,Cheltuieli
Form40,Label5,è³‡é‡‘,Funds,,Geldmittel,Finan?are
Form40,Label3,ãƒã‚¹ã‚¿ãƒ¼ã‚’è²¼ã‚Šã¾ã™  ,Put Up Posters,,Poster aufstellen,Pune Afi?e
Form45,Form45,ãŠåº—ã®ã‚µãƒ¼ãƒ“ã‚¹,Manager's Special,,Manager-Spezial,Specialul Manager-ului
Form45,Frame3,ãƒã‚¹ã‚¿ãƒ¼å–ã‚Šæ‰±ã„,Poster Management,,Poster-Management,Management Afi?
Form45,Option5,å–ã‚Šæ‰±ã†,Handle,,Bearbeiten,Ocup?-te
Form45,Option6,å–ã‚Šæ‰±ã‚ãªã„,Do not handle,,Nicht bearbeiten,Nu te ocupa
Form45,Frame2,å®…é…ä¾¿å—ä»˜,Accept Package Delivery,,Paketlieferung akzeptieren,Accept? Livrare Pachet
Form45,Option4,å—ä»˜ã—ãªã„,Do Not Accept,,Nicht akzeptieren,Nu Accepta
Form45,Option3,å—ä»˜ã™ã‚‹,Accept Package Delivery,,Paketlieferung akzeptieren,Accept? Livrare Pachet
Form45,Frame1,å†™çœŸç¾åƒå—ä»˜,Photo Development Desk,,Fotoentwicklung,Birou de Dezvoltare a Fotografiilor
Form45,Option2,å—ä»˜ã—ãªã„,Not accepting reservations,,Reservierungen werden nicht akzeptiert,Nu accept?m rezerv?ri
Form45,Option1,å—ä»˜ã™ã‚‹,Accepting reservations,,Reservierungen akzeptiert,Accept?m rezerv?ri
Form45,Frame4,å›³æ›¸åˆ¸ã®å–ã‚Šæ‰±ã„,Handle Coupons,,Coupons bearbeiten,Ocup?-te de Cupoane
Form45,Option8,å–ã‚Šæ‰±ã‚ãªã„,Do not handle,,Nicht bearbeiten,Nu te ocupa
Form45,Option7,å–ã‚Šæ‰±ã†,Handle,,Bearbeiten,Ocup?-te
Form45,Label1,ãƒã‚¹ã‚¿ãƒ¼1æšã«ã¤ã1000å††ã®åˆ©ç›Šã§ã™ã€‚,1000 Yen Profit Per Poster / Month,,1000 Yen Profit je Poster / Monat,1000 Yen Profit pe Afi? / Lun?
Form45,Label1,è²»ç”¨ æœˆ 2ä¸‡å††,2000 Yen Profit Per Poster / Month,,2000 Yen Profit je Poster / Monat,2000 Yen Profit pe Afi? / Lun?
Form45,Label1,è²»ç”¨ æœˆ 2ä¸‡å††,Costs 20000 Yen Per Month,,Kostet 20000 Yen pro Monat,Cost? 20000 de Yen pe Lun?
Form45,Label1,é…é”ç‰©1ã¤ã«ã¤ã1000å††ã®åˆ©ç›Šã§ã™ã€‚,10000 yen profit per delivery,,10000 Yen Profit je Lieferung,10000 de yen profit pe livrare
Form45,Label1,è²»ç”¨ æœˆ 2ä¸‡å††,Cost 20000 Yen per month,,Kostet 20000 Yen pro Monat,Cost? 20000 de Yen pe lun?
Form45,LAbel1,ãƒ•ã‚£ãƒ«ãƒ 1æœ¬ã«ã¤ã800å††ã®åˆ©ç›Šã§ã™ã€‚,800 yen profit per film,,800 Yen Profit je Film,800 yen profit pe film
Form45,Label1,è²»ç”¨ æœˆ 2ä¸‡å††,Cost 20000 Yen per month,,Kostet 20000 Yen pro Monat,Cost? 20000 de Yen pe lun?
Form45,Label1,å›³æ›¸åˆ¸ 1æšã«ã¤ã 500å††ã®åˆ©ç›Šã§ã™ã€‚,500 yen profit per book voucher,,500 Yen Profit je Buchgutschein,500 yen profit pe voucher de carte
Form45,Command2,ã‚­ãƒ£ãƒ³ã‚»ãƒ«,Cancel,,Abbrechen,Anuleaz?
Form45,Command1,æ±ºå®š,OK,,OK,OK
Form45,Label3,ãŠåº—ã®ã‚µãƒ¼ãƒ“ã‚¹ã§ã™  ,Store's Services,,Ladenservices,Serviciile Libr?riei
Form46,Form46,åº—å“¡ã‹ã‚‰,Store Clerk,,LadenverkÃ¤ufer,Casier Libr?rie
Form47,Form47,è¢«å®³å ±å‘Š,Damage Report,,Schadensbericht,Raport de Daune
Form47,Command1,é–‰ã˜ã‚‹,Close,,SchlieÃŸen,Închide
Form47,Label,è¢«å®³å ±å‘Šã§ã™ ,Damage Report,,Schadensbericht,Raport de Daune
Form48,Form48,æ¥­ç•Œæ–°è,Industry Newspaper,,Industriezeitung,Ziar de Industrie
Form48,Label8,8æœˆ55æ—¥,August 55th,,55. August,55 August
Form48,Label6,æœ€è¿‘ã®æ¥­ç•Œ,Right now in the business world,,Jetzt in der Businesswelt,Acum în lumea business-ului
Form48,Label5,ä»Šæœˆã®ãŠåº—,Store of the month,,Laden des Monats,Libr?ria lunii
Form48,Label4,é›‘èªŒTOP10,Top 10 Magazines,,Top 10 Zeitschriften,Top 10 Reviste
Form48,Label2,æ›¸ç±TOP10,Top 10 Books,,Top 10 BÃ¼cher,Top 10 C?r?i
Form48,Command1,é–‰ã˜ã‚‹,Close,,SchlieÃŸen,Închide
Form48,Label1,èª­ã¿ãŸã„è¦‹å‡ºã—ã‚’æŠ¼ã—ã¦ãã ã•ã„,Click the headlines you want to read,,"Klicke die Schlagzeilen an, die du lesen mÃ¶chtest",Apas? pe titlurile pe care dore?ti s? le cite?ti
Form48,Label3,æ¥­ç•Œæ–°èã§ã™,This is the Business World News,,Das sind die Business World News,Acestea sunt ?tirile Mondiale ale Business-ului
Form50,Form50,é›‘èªŒå£²ã‚Šä¸Šã’ãƒˆãƒƒãƒ—10,Top 10  Popular Magazines,,Top 10 beliebteste Zeitschriften,Top 10 Reviste Populare
Form50,Label4,ã»ã‚“ã®ãªã‚,Name of Book,,Name des Buches,Numele C?r?ii
Form50,Label5,å††,Yen,,Yen,Yen
Form50,Label1,ä¾¡æ ¼,Price,,Preis,Pre?
Form50,Label1,é›‘èªŒå,Magazine Title,,Zeitschrift-Titel,Titlu Revist?
Form50,Label1,é †ä½,Ranking,,Platzierung,Clasament
Form50,Label3,é›‘èªŒã®å£²ã‚Šä¸Šã’ãƒˆãƒƒãƒ—10,Top 10 Most Popuar Magazines,,Top 10 meistbeliebteste Zeitschriften,Top 10 Cele Mai Populare Reviste
Form49,Form49,æ›¸ç±å£²ã‚Šä¸Šã’ãƒˆãƒƒãƒ—10,Top 10 Most Popuar Books,,Top 10 meistbeliebteste BÃ¼cher,Top 10 Cele Mai Populare C?r?i
Form49,Label5,å††,Yen,,Yen,Yen
Form49,Label4,ã»ã‚“ã®ãªã‚,,Just lick (??) - might be placeholder,,
Form49,Label1,é †ä½,Ranking,,Platzierung,Clasament
Form49,Label1,é›‘èªŒå,Magazine Name,,Zeitschrift-Name,Numele Revistei
Form49,Label1,ä¾¡æ ¼,Price,,Preis,Pre?
Form49,Label3,æ›¸ç±ã®å£²ã‚Šä¸Šã’ãƒˆãƒƒãƒ—10  ,Top 10 Most Popular Books,,Top 10 beliebteste BÃ¼cher,Top 10 Cele Mai Populare C?r?i
Form53,Form53,ãƒˆãƒƒãƒ—ãƒ‹ãƒ¥ãƒ¼ã‚¹,Top News,,Top News,Top News
Form53,Label3,ãƒˆãƒƒãƒ—ãƒ‹ãƒ¥ãƒ¼ã‚¹ ,Top News,,Top News,Top News
Form51,Form51,ä»Šæœˆã®ãŠåº—,Store of the Month,,Laden des Monats,Libr?ria Lunii
Form51,Label3,ä»Šæœˆã®ãŠåº—,Store of the Month,,Laden des Monats,Libr?ria Lunii
Form52,Form52,æœ€è¿‘ã®æ¥­ç•Œ,Recent Industry News,,Aktuelle Branchennachrichten,?tirile Recente ale Industriei
Form52,Label3,æœ€è¿‘ã®æ¥­ç•Œ,Recent Industry News,,Aktuelle Branchennachrichten,?tirile Recente ale Industriei
Form54,Form54,æ˜Ÿã®æ•°ã‚¢ãƒƒãƒ—,Rating Increase,,Bewertungssteigerung,Cre?tere Recenzie
Form54,Label1,å…¨æ—¥æœ¬æœ¬å±‹å”ä¼š,All Japan Booksellers Association,,Nationaler Verband der BuchhÃ¤ndler,Asocia?ia Na?ional? a Vânz?torilor de C?r?i
Form54,Label1,ã®æ•°ãŒ1ã¤ãµãˆã¾ã—ãŸã€‚,for additional stars,,fÃ¼r zusÃ¤tzliche Sterne,pentru stele în plus
Form54,Label1,ãƒ—ã®æ¡ä»¶ã‚’æº€ãŸã—ãŸãŸã‚ã€æ˜Ÿ,becuase it fulfills the requirements,,weil es die Anforderungen erfÃ¼llt,deoarece îndepline?te criteriile
Form54,Label1,ã‚ãªãŸã®ãŠåº—ã¯ã€æ˜Ÿã®æ•°ã‚¢ãƒƒ,Your store got another star,,Dein Laden hat einen weiteren Stern bekommen,Libr?ria ta a primit o stea în plus
Form54,Command1,é–‰ã˜ã‚‹,Close,,SchlieÃŸen,Închide
Form54,Label3,æ˜Ÿã®æ•°ãŒã‚¢ãƒƒãƒ—ã—ã¾ã—ãŸ,Rating Increase,,Bewertungssteigerung,Cre?tere Recenzie
Form55,Form55,è¨­å®š,Settings,,Einstellungen,Set?ri
Form55,Frame1,æœˆæœ«ãªã©ã®ã‚¦ã‚¤ãƒ³ãƒ‰ã‚¦ã‚’è‡ªå‹•ã§é–‰ã˜ã‚‹é€Ÿåº¦,Speed of Store Closing,,Geschwindigkeit der LadenschlieÃŸung,Viteza Închiderii Libr?riei
Form55,Check2,è‡ªå‹•ã§ã¯é–‰ã˜ãªã„,Don't Close Automatically,,Nicht automatisch schlieÃŸen,Nu Închide Automat
Form55,Check1,åº—å“¡ã‹ã‚‰ã®ãƒ¡ãƒƒã‚»ãƒ¼ã‚¸ã®è¡¨ç¤º,Show messages from employees,,Zeige Nachrichten von Angestellten,Afi?eaz? mesaje de la angaja?i
Form55,Command2,ã‚­ãƒ£ãƒ³ã‚»ãƒ«,Cancel,,Abbrechen,Anuleaz?
Form55,Command1,æ±ºå®š,OK,,OK,OK
Form55,Label3,è¨­å®š,Settings,,Einstellungen,Set?ri
Form56,Form56,ã‚µãƒ¼ãƒ“ã‚¹å‚™å“,Service equipment,,Service-AusrÃ¼stung,Echipament service
Form56,Command1,è¨­ç½®,Set up,,Setup,Setare
Form56,Command2,ã‚­ãƒ£ãƒ³ã‚»ãƒ«,Cancel,,Abbrechen,Anuleaz?
Form56,Label1,ä¾¡æ ¼,Price,,Preis,Pre?
Form56,Label2,å†…å®¹,Content,,Inhalt,Con?inut
Form56,Label,å††,Yen,,Yen,Yen
Form56,Label3,ã‚µãƒ¼ãƒ“ã‚¹å‚™å“è¨­ç½®,Service equipment installation,,Service-AusrÃ¼stungsinstallation,Instalare echipament service
Form57,Form57,ã‚µãƒ¼ãƒ“ã‚¹å‚™å“æƒ…å ±,Service equipment info,,Service-AusrÃ¼stungsinfo,Info echipament service
Form57,Command2,é–‰ã˜ã‚‹,Close,,SchlieÃŸen,Închide
Form57,Command1,æ’¤å»,Withdraw,,Entziehen,Retrage
Form57,Label1,ä¾¡æ ¼,Price,,Preis,Pre?
Form57,Label1,å†…å®¹,Contents,,Inhalt,Con?inut
Form57,Label3,ã‚µãƒ¼ãƒ“ã‚¹å‚™å“ã®æƒ…å ±ã§ã™,Service Equipment Info,,Service-AusrÃ¼stung-Info,Info Echipament Service
Form58,Form58,ã‚°ãƒ©ãƒ³ãƒ—ãƒªç²å¾—,Adquisition Grand Prix,,Gewinne den Grand-Prix,Achizi?ionare Grand Prix
Form58,Command1,é–‰ã˜ã‚‹,Close,,SchlieÃŸen,Închide
Form58,Label1,ã¾ã™ã€‚,,,,
Form58,Label1,è³é‡‘1000ä¸‡å††ã¨ã“ã®è¡¨å½°çŠ¶ã‚’ãŠãã‚Šã¾ã™,we will send you a 10 million yen prize and this certificate,,Wir senden dir einen Preis von 10 Mio. Yen und dieses Zertifikat,î?i vom trimite un premiu de 10 millioane de yen ?i acest certificat
Form58,Label1,ã‚¹ãƒˆã§ã‚°ãƒ©ãƒ³ãƒ—ãƒªã‚’ç²å¾—ã—ã¾ã—ãŸã®ã§,in the All Japan Book Store Contest,,im Nationalen Buchladenwettbewerb,în Competi?ia Na?ional? a Libr?riilor
Form58,Label1,ã‚ãªãŸã®ãŠåº—ã¯å…¨æ—¥æœ¬æœ¬å±‹ã‚³ãƒ³ãƒ†,Your store has won the Grand Prix,,Dein Laden hat den Grand Prix gewonnen!,Libr?ria ta a câ?tigat Grand Prix-ul
Form58,Label1,ã‚°ãƒ©ãƒ³ãƒ—ãƒª,Grand Prix,,Grand Prix,Grand Prix
Form58,Font,ï¼­ï¼³ æ˜æœ,MS Mincho,,MS Mincho,MS Mincho
Form58,Label1,å…¨æ—¥æœ¬æœ¬å±‹å”ä¼š,Japan National Bookstore Association,,Japanischer Verband der BuchhÃ¤ndler,Asocia?ia Japonez? a Vânz?torilor de C?r?i
Form58,Label3,ã‚°ãƒ©ãƒ³ãƒ—ãƒªç²å¾— ,Grand Prix Winner,,Grand-Prix-Sieger,Câ?tig?torul de Grand Prix
Form59,Form59,ä»Šæœˆã®å…¥è·ã‚¹ã‚±ã‚¸ãƒ¥ãƒ¼ãƒ«,This month's arrivals,,Diesmonatige AnkÃ¼nfte,Sosirile acestei luni
Form59,label1,åˆè¨ˆè²»ç”¨,Expenses,,Ausgaben,Cheltuieli
Form59,Label1,å…¥è·æ•°,Arrivals,,AnkÃ¼nfte,Sosiri
Form59,Label1,æœˆ,Month,,Monat,Lun?
Form59,Label1,å…¥è·å,Arrival Name,,Ankunftsname,Numele Sosirii
Form61,Form61,ä¿é™ºãŒãŠã‚Šã¾ã—ãŸ,Insurance Money Received,,Versicherungsgeld erhalten,Bani Primi?i de Asigurare
Form61,Command1,é–‰ã˜ã‚‹,Close,,SchlieÃŸen,Închide
Form61,Label3,ä¿é™ºé‡‘ãŒãŠã‚Šã¾ã—ãŸ,Insurance Money Received,,Versicherungsgeld erhalten,Bani Primi?i de Asigurare
Form62,Form62,ç«‹ã¡èª­ã¿å¯¾ç­–,Prevention for reading without buying,,Verhindere das Lesen ohne Kauf,Preven?ie de citire f?r? achizi?ionare
Form62,Command2,ã‚„ã‚ã‚‹,Cancel,,Abbrechen,Anuleaz?
Form62,Command1,æ±ºå®š,OK,,OK,OK
Form62,Option3,ã“ã‚Œã«ã™ã‚‹,Choose this,,Dies auswÃ¤hlen.,Alege asta
Form62,Label1,ã™ã¹ã¦ã®æœ¬ã‚’ã€ç«‹ã¡èª­ã¿ã§ããªã„ã‚ˆã†ã«ã™ã‚‹,Prohibit reading in-store without buying,,Verbiete das Lesen der BÃ¼cher im Laden ohne sie zu kaufen,Interzice cititul în libr?rie f?r? achizi?ionare
Form62,Option2,ã“ã‚Œã«ã™ã‚‹,Choose this,,Dies auswÃ¤hlen.,Alege asta
Form62,Label1, ä¸€å†Šã ã‘ç«‹èª­ã¿ã§ãã¦ã€ä»–ã¯ã§ããªã„ã‚ˆã†ã«ã™ã‚‹ã€‚,Allow customers to read up to 1 book in-store before asking them to pay.,,"Erlaube es Kunden, ein Buch gratis zu lesen, bevor sie zahlen mÃ¼ssen.",Permite clien?ilor s? citeasc? maxim o carte în libr?rie înainte de a le cere s? pl?teasc?
Form62,Option1,ã“ã‚Œã«ã™ã‚‹,Choose this,,Dies auswÃ¤hlen.,Alege asta
Form62,Label1,  ã™ã¹ã¦ã®æœ¬ã‚’è‡ªç”±ã«èª­ã‚ã‚‹ã‚ˆã†ã«ã™ã‚‹ã€‚,Allow customers to read anything at will,,"Erlaube es Kunden, alles nach Belieben zu lesen",Permite clien?ilor s? citeasc? orice
Form62,Label3,ãŠåº—ã®ç«‹èª­ã¿å¯¾ç­–ã‚’æ±ºå®šã—ã¾ã™ ,Select store policy about reading books in-store,,WÃ¤hle Ladenbeschluss Ã¼ber das Lesen der BÃ¼cher im Laden,Seteaz? regulile depre citirea c?r?ilor în libr?rie
Form63,Form63,ãŠå®¢ã•ã‚“ã®æ–‡å¥,Customer Complaints,,Kundenbeschwerden,Reclama?ii Clien?i
Form63,Command1,é–‰ã˜ã‚‹,Close,,SchlieÃŸen,Închide
Form63,Label1,ã“ã®å‰è²·ã£ãŸæœ¬ãŒã€æ±šã‹ã£ãŸãï¼,The book I bought earlier was filthy!,,"Das Buch, welches ich vorher gekauft habe, ist dreckig!",Cartea care am cump?rat-o mai devreme era murdar?!
Form63,Label2,ç«‹èª­ã¿å¯¾ç­–ã‚’ã—ã¦ãã ã•ã„,Take measures so that people don't read without paying,,"Tu etwas dagegen, dass Kunden ohne Zahlen die BÃ¼cher lesen.",Ia m?suri a?a fel încât clien?ii s? nu citeasc? f?r? a pl?ti
Form63,Label3,ãŠå®¢ã•ã‚“ãŒæ–‡å¥ã‚’è¨€ã£ã¦ã„ã¾ã™ ,A customer is complaining,,Ein Kunde beschwert sich,Un client face o reclama?ie
Form64,Form64,æ¶ˆãˆã¾ã—ãŸ,The fire is out,,Das Feuer ist ausgegangen,Focul s-a stins
Form64,Label1,ç«äº‹ã¯ã€ã™ã¹ã¦ã‚’ç„¼ãã¤ãã—é®ç«ã—ã¾ã—ãŸãƒ»ãƒ»ãƒ»,"The fire burned everything, then died out...",,Das Feuer hat alles zerstÃ¶rt und ist ausgegangenâ€¦,"Focul a ars totul, apoi s-a stins..."
Form64,Command1,é–‰ã˜ã‚‹,Close,,Das war knapp!,Închide
Form65,Form65,ç«äº‹ç™ºè¦‹,Fire!,,Feuer!,Foc!
Form65,Command1,é–‰ã˜ã‚‹,Close,,Das war knapp!,Închide
Form65,Label1,è¿‘æ‰€ã®ä½æ°‘ãŒç«äº‹ã‚’ç™ºè¦‹ã—ã¾ã—ãŸï¼,Your neighbors have spotted a fire!,,Die Nachbarn haben ein Feuer entdeckt!,Vecinii t?i au v?zut un foc!
Form66,Form66,æ¶ˆãˆã¾ã—ãŸ,Fire went out...phew,,Feuer wurde gelÃ¶scht...puh,Focul s-a stins... phew
Form66,Command1,é–‰ã˜ã‚‹,Close,,SchlieÃŸen,Închide
Form66,Label1,æ¶ˆé˜²è»Šã‚’å‘¼ã³ç«äº‹ã¯é®ç«ã—ã¾ã—ãŸã€‚,Fire trucks were called and the fire was extinguished.,,FeuerwehrwÃ¤gen wurden gerufen und das Feuer wurde gelÃ¶scht.,Pompierii au fost chema?i iar focul a fost stins.
MDIForm1,MMenu,ãƒ¡ãƒ‹ãƒ¥ãƒ¼(&M),Menu (M),,MenÃ¼ (M),Meniu (M)
MDIForm1,MNewGame,æ–°ã—ãã¯ã˜ã‚ã‚‹(&N),Start New (N),,Neues Spiel starten (N),Începe un Joc Nou (N)
MDIForm1,MSave,ã‚²ãƒ¼ãƒ ã®ä¿å­˜(&S),Save Game (S),,Speichern (S),Salveaz? Joc (S)
MDIForm1,MLoad,ã‚²ãƒ¼ãƒ ã®èª­è¾¼(&L),Load Game (L),,Spiel laden (L),Încarc? Joc (L)
MDIForm1,MEnd,ã‚²ãƒ¼ãƒ çµ‚äº†(&E),Quit Game (E),,Spiel verlassen (E),P?r?se?te Joc (E)
MDIForm1,MAction,è¡Œå‹•(&A),Action (A),,Aktion (A),Ac?iune (A)
MDIForm1,MNyuukaH,å…¥è·å¤‰æ›´(&H),Change Books In Stock (H),,Ã„ndere die BÃ¼cher auf Lager (H),Schimb? C?r?ile în Stoc (H)
MDIForm1,MBookIn,å…¥è·é›‘èªŒå¤‰æ›´(&I),Change Magazines In Stock (L),,Ã„ndere die Zeitschriften auf Lager (L),Schimb? Revistele în Stoc (L)
MDIForm1,MSysoseki,æ›¸ç±ã‚’å…¥è·(&N),Books in Stock (N),,BÃ¼cher auf Lager (N),C?r?i în Stoc (N)
MDIForm1,MTenin,åº—å“¡é–¢ä¿‚(&M),Employee Relationship (T),,MitarbeiterverhÃ¤ltnis (T),Rela?ie Angajat (T)
MDIForm1,MTeen,åº—å“¡ã‚’é›‡ç”¨(&T),Hire Employee (T),,Mitarbeiter einstellen (T),Angajeaz? (T)
MDIForm1,MKaiko,åº—å“¡ã‚’è§£é›‡(&O),Fire Employee (O),,Mitarbeiter feuern (O),Concediaz? Angajat (O)
MDIForm1,MTeninSetup,åº—å“¡ã®è¨­å®š(&S),Employee Settings (S),,Mitarbeitereinstellungen (S),Set?ri Angajat (S)
MDIForm1,MEigyouHousin,ãŠåº—ã®å–¶æ¥­æ–¹é‡(&E),Store Sales Plan (E),,Laden-Verkaufsplan (E),Plan de Vânz?ri Libr?rie (E)
MDIForm1,MEigyou,ãŠåº—ã®ã‚µãƒ¼ãƒ“ã‚¹å†…å®¹(&E),Store Services (E),,Ladenservices (E),Serviciile Libr?riei (E)
MDIForm1,Menu MTatiyomi,ç«‹ã¡èª­ã¿å¯¾ç­–(&T),Browsing Policy (T),,Die Regeln durchsuchen (T),Reguli de Navigare (T)
MDIForm1,MHoken,ä¿é™ºã«å…¥ã‚‹(&H),Get Insurance (H),,Versicherung bekommen (H),Ob?ine Asigurare (H)
MDIForm1,MSouzi,ãŠåº—ã‚’æƒé™¤ã™ã‚‹(&S),Clean the Store (S),,Den Laden reinigen (S),Cur??? Libr?ria (S)
MDIForm1,MSenden,ãŠåº—ã®å®£ä¼ã‚’ã™ã‚‹(&S),Advertise the Store (S),,FÃ¼r den Laden werben (S),F? Publicitate la Libr?rie (S)
MDIForm1,MTakarakuzi,å®ãã˜ã‚’è²·ã†(&T),Set up Lottery (T),,Lotterie einrichten (T),Seteaz? loterie (T)
MDIForm1,MGinkou,éŠ€è¡Œã¸è¡Œã(&G),Go to the Bank (G),,Zur Bank gehen (G),Du-te la Banc? (G)
MDIForm1,MTaisin,è€éœ‡å·¥äº‹ã‚’ã™ã‚‹(&T),Earthquake Proofing (T),,Erdbebenschutz (T),Prevenirea Cutremurelor (T)
MDIForm1,MSyoubou,æ¶ˆé˜²è»Šã‚’å‘¼ã¶(&S),Call Fire Dept (S),,Feuerwehr rufen (S),Apeleaz? Pompierii (S)
MDIForm1,MKibo,ãŠåº—ã®è¦æ¨¡æ‹¡å¤§(&K),Expand the Store (K),,Erweitere den Laden (K),Extinde Libr?ria (K)
MDIForm1,MInformation,æƒ…å ±(&I),Information (I),,Information (I),Informa?ii (I)
MDIForm1,MZaiko,åœ¨åº«(&Z),Inventory (Z),,Inventar (Z),Inventar (Z)
MDIForm1,MZssiInfo,é›‘èªŒã®åœ¨åº«(&Z),Magazine Inventory (Z),,Zeitschriftinventar (Z),Inventar Reviste (Z)
MDIForm1,MSyosekiZaiko,æ›¸ç±ã®åœ¨åº«(&S),Book Inventory (S),,BÃ¼cherinventar (S),Inventar C?r?i (S)
MDIForm1,MGurahu,ã‚°ãƒ©ãƒ•(&G),Graph (G),,Diagramm (G),Grafic (G)
MDIForm1,MRiekiGurahu,ãŠåº—ã®åˆ©ç›Šã‚°ãƒ©ãƒ•(&R),Store Profit Graph (R),,Ladenprofitdiagramm (R),Grafic Profit Libr?rie (R)
MDIForm1,MBookGurahu,æœ¬ã®å£²ã‚Šæ•°ã‚°ãƒ©ãƒ•(&G),Book Sales Graph (G),,Buchverkaufsdiagramm (G),Grafic Vânz?ri C?r?i (G)
MDIForm1,MGuest,ãŠå®¢ã•ã‚“ã®æ„è¦‹(&G),Customer Opinion (G),,Kundenmeinung (G),Opiniile Clien?ilor (G)
MDIForm1,MGRead,æ¥­ç•Œæ–°èã‚’èª­ã‚€(&R),Read Biz Paper (R),,Wirtschaftszeitung lesen (R),Cite?te Ziarul de Afaceri (R)
MDIForm1,MNyuuka,å…¥è·ã‚¹ã‚±ã‚¸ãƒ¥ãƒ¼ãƒ«(&N),Arrivals Schedule (N),,Ankunftsplan (N),Program Sosiri (N)
MDIForm1,MTinfor,åº—å“¡æƒ…å ±(&T),Employee Info (T),,Mitarbeiter-Info (T),Info Angaja?i (T)
MDIForm1,MBookInfo,ãŠåº—ã®åˆ©ç›Š(&S),Store Profit (S),,Ladenprofit (S),Profit Libr?rie (S)
MDIForm1,MBookSyousai,ãŠåº—ã®è©³ç´°æƒ…å ±(&S),Detailed Store Info (S),,Detailierte Ladeninfo (S),Informa?ii Detaliate Libr?rie (S)
MDIForm1,MWindow,ã‚¦ã‚¤ãƒ³ãƒ‰ã‚¦(&W),Window (W),,Fenster (W),Fereastr? (W)
MDIForm1,MSwitch,ã‚¦ã‚¤ãƒ³ãƒ‰ã‚¦åˆ‡ã‚Šæ›¿ãˆ(&W),Window Switching (W),,Fenster wechseln (W),Schimbare Fereastr? (W)
MDIForm1,MSetup,è¨­å®š(&S),Settings (S),,Einstellungen (S),Set?ri (S)
MDIForm1,MSound,åŠ¹æœéŸ³ã®è¨­å®š(&S),Sound Settings (S),,Soundeinstellungen (S),Set?ri Sunet (S)
MDIForm1,MSoundYes,é³´ã‚‰ã™(&Y),Ring (Y),,Klingeln (Y),Sun? (Y)
MDIForm1,MSoundNo,é³´ã‚‰ã•ãªã„(&N),Don't ring (N),,Nicht klingeln (N),Nu suna (N)
MDIForm1,MKabegami,å£ç´™ã®è¨­å®š(&K),Background Settings (K),,Hintergrundeinstellungen (K),Set?ri Fundal (K)
MDIForm1,MKabeTitle,ã‚¿ã‚¤ãƒˆãƒ«(&T),Title (T),,Titel (T),Titlu (T)
MDIForm1,MKAbeMoyou,æ¨¡æ§˜(&M),Design (M),,Design (M),Design (M)
MDIForm1,MKabeNothing,ãªã—(&N),None (N),,Nichts (N),Niciuna (N)
MDIForm1,MSSetup,è¨­å®š(&S),Settings (S),,Einstellungen (S),Set?ri (S)
MDIForm1,MGameSpeed,ã‚²ãƒ¼ãƒ ã‚¹ãƒ”ãƒ¼ãƒ‰(&G),Game Speed (G),,Geschwindigkeit (G),Vitez? Joc (G)
MDIForm1,MHelp,ãƒ˜ãƒ«ãƒ—(&H),Help (H),,Hilfe (H),Ajutor (H)
MDIForm1,MHelpGame,ãƒ˜ãƒ«ãƒ—(&H),Help (H),,Hilfe (H),Ajutor (H)
MDIForm1,MHelpVersion,ãƒãƒ¼ã‚¸ãƒ§ãƒ³æƒ…å ±(&A)...,Version Info (A),,Versionsinfo (A),Informa?ii Versiune (A)
